AÑO,DEPARTAMENTO,POBLACIÓN,TASA_MATRICULACIÓN,COBERTURA_NETA,COBERTURA_NETA_TRANSICIÓN,COBERTURA_NETA_PRIMARIA,COBERTURA_NETA_SECUNDARIA,COBERTURA_NETA_MEDIA,COBERTURA_BRUTA,COBERTURA_BRUTA_TRANSICIÓN,COBERTURA_BRUTA_PRIMARIA,COBERTURA_BRUTA_SECUNDARIA,COBERTURA_BRUTA_MEDIA,TAMAÑO_PROMEDIO_DE_GRUPO,SEDES_CONECTADAS_A_INTERNET,DESERCIÓN,DESERCIÓN_TRANSICIÓN,DESERCIÓN_PRIMARIA,DESERCIÓN_SECUNDARIA,DESERCIÓN_MEDIA,APROBACIÓN,APROBACIÓN_TRANSICIÓN,APROBACIÓN_PRIMARIA,APROBACIÓN_SECUNDARIA,APROBACIÓN_MEDIA,REPROBACIÓN,REPROBACIÓN_TRANSICIÓN,REPROBACIÓN_PRIMARIA,REPROBACIÓN_SECUNDARIA,REPROBACIÓN_MEDIA,REPITENCIA,REPITENCIA_TRANSICIÓN,REPITENCIA_PRIMARIA,REPITENCIA_SECUNDARIA,REPITENCIA_MEDIA
2011,Antioquia,1288473,9401,9385,7028,9412,7568,4437,10681,8569,1175,11081,8406,2747,7448,397,362,365,457,371,9398,7,9456,457,9333,206,7,9456,254,296,425,7,456,527,168
2011,Atlántico,523935,9932,9905,5059,9893,8022,5017,10788,8419,12041,10789,8798,2442,8046,276,26,306,242,261,967,12,9649,242,9664,54,12,9649,67,75,182,12,177,218,88
2011,"Bogotá, D.C.",1479334,907,9029,6863,8699,847,5501,9778,8204,9794,10648,8776,2675,9421,395,1005,53,196,255,9605,0,9469,196,9745,0,0,9469,0,0,323,0,23,511,257
2011,Bolívar,496676,9157,914,5974,9081,6734,3917,11041,9882,12645,10815,8064,208,3012,314,185,293,379,313,9476,46,9548,379,932,21,46,9548,275,367,443,46,444,537,228
2011,Boyacá,300501,8616,8611,6336,825,7465,4909,10415,7887,9988,11978,9476,2277,2526,307,24,224,403,351,942,17,961,403,9323,273,17,961,431,326,262,17,19,419,155
2011,Caldas,201185,8704,8698,6499,8386,7341,4538,9813,7719,10362,10393,837,226,3474,413,435,392,487,282,9062,3,9159,487,9204,525,3,9159,725,515,467,3,415,655,307
2011,Caquetá,124148,8878,8876,5898,9031,5731,2544,10603,852,13059,1016,6035,2321,801,364,339,356,391,339,9606,5,9634,391,9345,3,5,9634,8,315,417,5,37,58,287
2011,Cauca,328682,8635,8621,5201,8794,6158,3044,9803,8182,11783,9424,6587,1829,297,275,187,196,391,36,9253,117,9277,391,9177,472,117,9277,464,463,209,117,175,313,157
2011,Cesar,263789,9475,9457,6596,9522,6647,3498,11047,10565,12953,10596,7307,2058,2902,707,517,736,762,542,9054,46,9102,762,908,239,46,9102,374,378,167,46,157,219,97
2011,Córdoba,405431,9453,9446,6718,9322,6879,3716,11108,10369,12571,11067,7866,2016,3526,459,545,408,53,41,9429,22,9513,53,9319,112,22,9513,137,271,407,22,418,453,243
2011,Cundinamarca,570954,9213,9193,6719,8812,8138,4757,10334,8921,10603,11214,8621,1776,3504,36,348,299,431,372,9558,4,9662,431,945,89,4,9662,126,193,27,4,199,418,178
2011,Chocó,145587,8379,8379,5017,864,413,1964,11017,77,15046,8906,6313,1786,1388,429,289,424,505,359,935,7,9419,505,935,221,7,9419,425,291,42,7,6,26,7
2011,Huila,275956,9052,9047,699,9231,735,3849,10113,8747,11341,10454,7111,2228,3028,438,4,32,6,499,9239,11,9435,6,8967,324,11,9435,446,534,436,11,441,559,241
2011,La Guajira,231046,7712,77,4461,7468,4156,2191,894,8456,11907,6803,4983,2022,3494,617,42,631,704,465,9278,46,9258,704,9307,107,46,9258,78,228,385,46,449,344,146
2011,Magdalena,333793,9447,9432,554,909,6653,3755,11051,10971,12912,1031,7584,213,2763,363,224,345,41,437,9498,42,9512,41,9355,139,42,9512,141,208,152,42,144,199,65
2011,Meta,209319,9365,9359,6146,9235,7589,4079,10282,829,11506,10618,7526,2279,2442,555,512,558,615,38,9308,7,9339,615,939,137,7,9339,185,23,148,7,127,226,9
2011,Nariño,401313,8053,805,483,8014,5368,2904,9396,7592,11543,8715,6227,2076,1568,1017,1391,967,1058,901,8997,8,912,1058,8945,14,8,912,218,255,253,8,234,352,132
2011,Norte de Santander,324219,8904,8896,689,9101,6638,3903,10248,8741,11744,981,823,2236,1778,687,498,515,935,844,9255,6,9441,935,9014,65,6,9441,76,164,219,6,17,346,156
2011,Quindio,114075,9087,9083,6445,8553,8032,4729,10395,8226,10621,11489,8783,2706,62,504,513,452,598,41,9243,3,9424,598,9166,253,3,9424,397,423,136,3,11,203,86
2011,Risaralda,192633,9561,9543,6738,9332,7638,4283,11241,8913,11888,1191,9527,2287,4521,479,373,377,614,539,9407,15,9557,614,9125,114,15,9557,124,335,177,15,143,261,113
2011,Santander,434034,9249,924,697,9288,7728,481,10343,943,1114,10632,8387,2239,2522,368,338,287,475,38,9425,34,9611,475,9322,207,34,9611,348,298,292,34,23,448,159
2011,Sucre,205779,10327,1032,6867,10138,7616,4046,12304,13194,13949,11849,8827,2481,5831,674,951,55,725,818,8631,92,8786,725,8492,71,92,8786,929,708,46,92,55,44,23
2011,Tolima,325983,888,8871,586,8648,7166,4133,10345,8298,11327,10725,8159,2209,2022,461,366,434,541,395,9033,23,9199,541,9037,506,23,9199,777,568,88,23,82,122,47
2011,Valle del Cauca,906602,8851,8833,5625,8683,7217,4206,1015,9248,11137,10388,787,2005,4151,424,418,373,501,399,9069,58,9295,501,8964,507,58,9295,79,637,23,58,209,322,109
2011,Arauca,73431,7415,7411,4981,7109,5536,3149,8509,7573,9342,8588,6426,1762,3033,214,198,186,246,283,9772,0,9814,246,9571,13,0,9814,0,146,278,0,229,437,205
2011,Casanare,85803,10111,10105,7127,9947,8256,4264,11507,9458,12309,12623,8299,2531,40,388,32,34,46,418,9212,36,9396,46,9114,4,36,9396,644,468,357,36,32,539,123
2011,Putumayo,93828,8046,8046,4915,8217,5636,2724,9362,8242,11023,9071,6285,2118,1553,418,324,361,563,331,9561,0,9635,563,945,21,0,9635,0,219,337,0,297,491,19
2011,"Archipiélago de San Andrés, Providencia y Santa Catalina",15852,6728,6723,57,6826,5908,3915,738,6234,7508,7879,6633,2401,6563,172,84,303,59,82,9673,0,9626,59,9557,155,0,9626,219,361,363,0,344,562,132
2011,Amazonas,22223,8234,8232,6368,8723,5065,2191,9453,9449,11782,8246,5801,1495,3636,546,556,367,821,79,9116,17,9283,821,8515,338,17,9283,316,695,515,17,514,639,415
2011,Guainía,11920,7487,7487,6185,7359,2888,842,9552,11275,13974,6884,3614,2037,421,1094,10,1073,1162,1285,7392,1313,7337,1162,8086,155,1313,7337,1569,63,77,1313,7,98,21
2011,Guaviare,31133,6404,6402,3216,6542,4516,2008,783,5206,9299,7815,5369,2679,1073,902,554,891,1002,89,9115,0,9173,1002,8893,18,0,9173,0,217,241,0,208,35,186
2011,Vaupés,12690,6218,6218,1922,6541,2904,973,7229,3203,10128,602,3992,1339,763,994,722,872,121,1424,8116,361,815,121,7872,889,361,815,81,704,615,361,776,434,206
2011,Vichada,20360,7307,7298,3184,7447,3289,1554,8208,5078,12078,5948,3903,157,1667,733,882,877,429,267,9177,0,9001,429,9657,9,0,9001,26,76,354,0,307,545,344
2012,Antioquia,1278686,9279,9265,732,9265,7484,435,1058,9438,11603,10914,8091,2796,6251,401,255,35,519,377,9204,2,9305,519,9221,395,2,9305,555,402,193,2,167,295,11
2012,Atlántico,523911,9159,9143,5303,8905,7673,4586,10039,8756,10984,10295,7763,2246,5104,332,201,359,343,277,9629,16,9607,343,969,42,16,9607,57,35,8,16,85,93,42
2012,"Bogotá, D.C.",1470171,8694,8652,6633,8397,8147,5178,9286,8217,9428,10109,7859,175,100,389,,342,488,445,9611,0,9658,488,9555,0,0,9658,0,0,517,0,361,831,408
2012,Bolívar,495108,8897,8887,6047,8767,6802,3808,10353,10656,11628,10031,7707,225,3344,339,337,325,357,35,9283,9,9356,357,9214,378,9,9356,532,436,24,9,249,288,101
2012,Boyacá,297132,857,8564,7048,8146,7461,4824,9996,9295,9526,11124,9174,2477,2995,323,274,238,426,347,9192,21,9411,426,9166,486,21,9411,748,487,2,21,144,311,15
2012,Caldas,198526,8455,845,6428,8103,72,4383,966,8488,10017,10316,8079,2373,3075,464,47,398,591,357,8895,47,9035,591,9021,64,47,9035,877,622,432,47,426,573,238
2012,Caquetá,124622,8328,8325,4934,8586,5623,2437,9826,8633,11804,9495,5865,2741,1198,723,691,692,838,522,916,13,9224,838,9291,116,13,9224,192,187,116,13,109,16,72
2012,Cauca,325212,8348,834,5359,8538,6053,2956,10215,9447,12129,9898,6713,1885,4375,402,289,304,542,553,9205,35,9262,542,9103,393,35,9262,434,344,115,35,106,161,8
2012,Cesar,263271,9415,9401,6594,9385,6936,3462,109,12649,12651,10122,711,2628,259,513,622,528,508,324,9008,212,908,508,9111,48,212,908,681,565,149,212,137,2,89
2012,Córdoba,405302,9378,9369,6506,9154,7182,3752,11073,11496,12151,11146,7937,2235,3049,295,314,248,351,331,9533,48,9617,351,9423,172,48,9617,243,246,256,48,259,301,152
2012,Cundinamarca,571082,9117,9097,6361,8782,8153,4727,10188,8731,10389,11254,8312,1678,3991,294,324,217,382,285,9584,6,9725,382,9517,122,6,9725,197,197,202,6,153,32,128
2012,Chocó,145607,8097,8095,6217,8324,419,191,9964,9546,13024,8185,5582,1492,1898,209,132,174,298,298,9188,145,9232,298,9276,603,145,9232,849,426,1,145,6,21,11
2012,Huila,273653,8977,8973,6715,9267,738,3798,10019,9094,11182,10366,6978,2644,4454,523,459,397,731,493,9001,2,9208,731,8923,476,2,9208,672,583,181,2,172,252,109
2012,La Guajira,239298,7542,7533,4622,7247,4186,2067,8993,1006,11857,6713,4718,2253,3566,681,481,62,883,842,9233,33,9292,883,91,86,33,9292,117,58,344,33,4,297,104
2012,Magdalena,334586,9182,9164,6558,8726,6496,3407,10868,13273,12698,9748,7094,224,303,622,2084,491,385,324,9197,81,9321,385,9513,181,81,9321,212,163,159,81,149,203,62
2012,Meta,210820,9335,9329,6714,9231,7591,4064,103,9887,11439,10458,7252,2614,1077,585,574,506,73,507,9168,25,9344,73,916,247,25,9344,421,332,18,25,15,28,109
2012,Nariño,401539,7775,7773,4918,7776,5364,2859,9296,7717,11483,8662,5896,214,2269,184,132,154,237,229,9702,5,9756,237,9649,114,5,9756,18,122,189,5,169,271,117
2012,Norte de Santander,322304,86,8593,7179,9029,643,3587,9669,10484,11276,915,6585,2652,1278,489,433,449,593,406,9358,31,9452,593,9373,152,31,9452,245,221,2,31,151,315,155
2012,Quindio,112175,8877,8874,5776,8348,7917,4659,10248,8514,10269,11575,8476,2772,2029,623,66,533,771,487,8979,19,9203,771,9092,399,19,9203,63,421,123,19,89,196,68
2012,Risaralda,189484,9291,9277,6603,9119,7509,4298,1091,10105,11524,11483,877,2173,4696,704,606,574,921,646,8791,88,9082,921,883,506,88,9082,817,525,113,88,94,166,65
2012,Santander,425904,9221,9211,7017,9289,7782,4684,10399,113,11122,10522,8141,2489,2218,467,546,379,589,384,9265,32,9458,589,9293,268,32,9458,444,323,253,32,175,418,158
2012,Sucre,203626,956,9555,6751,951,7372,3811,11262,13162,12816,1058,7965,2333,264,483,515,477,5,431,8568,8,8601,5,8679,949,8,8601,1281,89,65,8,65,75,54
2012,Tolima,321653,8747,8742,6162,8571,7182,3977,9711,9343,1084,973,7092,2481,4237,511,492,439,642,431,8738,35,8953,642,8929,751,35,8953,1154,64,66,35,69,8,37
2012,Valle del Cauca,894698,8826,8809,6032,8616,7121,4062,10186,10398,11169,10327,7619,2235,4032,432,479,374,521,369,9239,2,9391,521,9298,329,2,9391,528,333,164,2,139,24,101
2012,Arauca,74454,7233,7229,5148,7061,5447,2981,8367,874,9229,8066,6194,1646,1733,499,463,472,572,456,9499,0,9528,572,9521,3,0,9528,1,23,383,0,306,59,309
2012,Casanare,85999,10394,10388,7845,102,854,4403,11702,111,12485,1234,879,2417,187,652,557,544,839,608,8767,8,9035,839,8888,581,8,9035,964,503,192,8,15,31,129
2012,Putumayo,93570,7817,7817,4882,7895,5746,2728,9312,933,10413,9193,6764,2377,1574,616,605,563,744,488,896,28,9134,744,9023,424,28,9134,719,489,103,28,1,133,73
2012,"Archipiélago de San Andrés, Providencia y Santa Catalina",15648,687,6865,5987,6969,6091,3982,7621,8041,7685,7921,6691,2528,0,126,121,112,152,112,9816,0,9837,152,9816,58,0,9837,76,72,39,0,231,703,274
2012,Amazonas,22194,8187,8187,6022,8562,5333,2231,9476,10882,11346,8495,5828,1934,2091,47,516,23,797,806,9374,0,9578,797,8996,156,0,9578,135,198,63,0,683,725,317
2012,Guainía,11920,7082,7082,4769,725,2838,824,859,9797,12318,6645,3319,186,1895,891,943,818,1063,793,7818,829,7974,1063,774,1291,829,7974,1674,1466,175,829,177,146,143
2012,Guaviare,31272,592,5918,3754,5824,4364,1962,713,6181,805,7154,5099,1866,1142,486,411,537,446,389,9489,12,9446,446,9528,26,12,9446,28,84,15,12,113,24,73
2012,Vaupés,12681,6232,6232,2529,6335,3181,936,7318,4372,10051,6176,3778,1321,2061,762,909,662,89,1082,7986,227,7986,89,7663,1252,227,7986,123,1254,511,227,595,48,131
2012,Vichada,20686,6675,6675,3802,6696,3337,1501,7511,7078,10397,5697,3588,1567,1786,507,759,441,611,414,8824,4,8645,611,9394,669,4,8645,281,192,131,4,133,167,104
2013,Antioquia,1272458,9206,9193,6761,9153,7566,4271,10569,8977,11471,11013,8342,5272,6847,357,292,294,48,307,9159,12,9302,48,9176,484,12,9302,696,517,157,12,141,227,112
2013,Atlántico,522832,8641,8622,5367,8323,741,4394,9558,9045,10534,9636,7205,2946,8494,312,158,355,317,233,9577,56,9544,317,9672,111,56,9544,143,95,166,56,171,189,79
2013,"Bogotá, D.C.",1466854,845,8407,6124,7932,7972,5267,9142,7894,8984,9941,8553,2808,9986,368,59,31,482,374,9632,1,969,482,9626,0,1,969,0,0,689,1,488,1078,554
2013,Bolívar,492500,8966,8955,5986,875,704,3827,10372,11014,11502,10157,7686,3498,5259,256,257,258,266,22,9423,42,9491,266,9372,32,42,9491,477,408,191,42,212,219,83
2013,Boyacá,292312,851,8505,6611,8156,7509,4843,963,8449,943,10256,9408,3997,2357,245,23,178,325,25,9341,27,9535,325,9377,414,27,9535,653,374,169,27,128,255,137
2013,Caldas,196982,8258,8254,5605,782,7078,446,9492,7579,9879,10075,832,4009,3449,41,426,336,538,321,8864,36,903,538,904,725,36,903,102,639,187,36,157,275,142
2013,Caquetá,124458,8095,8094,4928,8193,5648,2387,9555,8972,11483,9045,5816,467,848,655,608,669,695,434,9248,26,9255,695,9448,96,26,9255,148,118,132,26,113,206,89
2013,Cauca,320510,8434,8433,4761,8542,6311,319,10467,86,12239,10161,7768,3035,2464,374,201,34,475,36,9169,96,9186,475,9282,457,96,9186,547,359,128,96,12,167,123
2013,Cesar,262240,9492,948,5866,9336,7146,3602,10998,11837,12467,1062,7574,4423,224,453,602,432,477,33,8987,242,9067,477,9116,56,242,9067,75,554,107,242,99,127,68
2013,Córdoba,407589,9339,9335,5706,9217,7347,3638,11067,1103,12275,1109,7941,3242,1828,23,218,196,279,244,9613,75,9679,279,9572,157,75,9679,223,184,269,75,285,286,173
2013,Cundinamarca,572012,9049,9028,61,8547,8208,4798,10066,8869,10181,11073,8373,2342,3051,317,353,261,393,269,957,3,9684,393,959,112,3,9684,193,141,19,3,139,295,152
2013,Chocó,145133,7959,7959,5547,8273,4428,1843,9673,9565,1225,8231,5624,1738,796,459,279,429,619,371,8885,14,8862,619,9192,656,14,8862,837,438,15,14,16,11,6
2013,Huila,272091,8973,8968,6477,9086,7527,3907,10165,8851,11353,10467,7309,3956,1173,478,42,327,7,499,9218,7,9434,7,9105,304,7,9434,439,397,103,7,77,165,81
2013,La Guajira,244513,748,7473,4536,7175,4338,1995,8785,10036,11438,6789,4391,4737,1404,527,408,569,531,348,9412,26,9377,531,9583,61,26,9377,9,68,235,26,247,261,111
2013,Magdalena,332266,9603,9583,6385,8983,6882,3497,11711,14497,14175,10058,7196,3644,3069,319,203,313,387,268,9532,72,9541,387,96,149,72,9541,186,132,132,72,128,156,76
2013,Meta,213170,9483,9476,6252,9448,7698,4324,10643,959,11902,10596,8032,4267,1932,449,466,383,569,372,9387,17,9515,569,9406,163,17,9515,272,222,115,17,93,186,66
2013,Nariño,399032,766,7658,4593,7534,5614,2899,9362,7761,11169,9065,6236,3294,3083,29,88,307,339,207,9583,2,9634,339,9558,126,2,9634,231,235,185,2,184,234,134
2013,Norte de Santander,317334,8642,8637,6114,8874,6627,3786,10076,10128,11719,9631,7064,4368,869,366,376,311,468,302,9529,14,9615,468,9547,105,14,9615,163,15,172,14,13,267,156
2013,Quindio,111539,8589,8587,5139,783,7846,4706,10048,7884,10046,11271,872,4912,6471,53,617,43,675,407,897,6,9231,675,9075,499,6,9231,771,519,121,6,104,181,65
2013,Risaralda,187946,8997,8981,5808,8586,7528,4249,1064,9238,11267,11331,8508,3008,2754,517,543,369,745,397,8977,91,9303,745,9039,506,91,9303,812,564,94,91,86,129,63
2013,Santander,419596,934,9328,6045,9292,8027,4809,10644,10386,11456,10906,8409,3886,1565,36,47,269,472,309,9298,47,953,472,925,341,47,953,558,441,204,47,148,329,135
2013,Sucre,202453,9668,9664,6766,957,7542,3963,11732,13311,13745,10685,8158,3484,3049,383,408,331,466,341,8668,82,8751,466,8768,949,82,8751,129,891,7,82,72,69,64
2013,Tolima,317546,8702,8695,5582,8399,7308,4052,1002,9067,10419,10857,7824,37,2039,401,457,35,49,304,8865,3,9039,49,9054,734,3,9039,1096,641,5,3,5,61,39
2013,Valle del Cauca,887988,8756,8737,5892,8498,7127,4061,10144,9438,11017,10454,7882,2967,5639,304,272,257,38,288,9357,25,9483,38,936,339,25,9483,513,352,13,25,109,19,86
2013,Arauca,74658,7071,707,4308,6981,5413,2778,8163,8138,9313,7811,5613,2769,1663,417,213,426,509,263,9583,0,9574,509,9728,1,0,9574,0,9,242,0,196,363,204
2013,Casanare,86460,10373,10369,7455,10207,8485,4546,11781,10985,1278,12014,921,3193,3344,367,442,314,45,293,9086,41,923,45,9238,547,41,923,822,47,134,41,121,203,54
2013,Putumayo,92887,7696,7696,3682,7677,6032,2769,8983,8015,9983,9202,6513,5579,751,568,625,45,744,541,8853,32,9113,744,8773,579,32,9113,898,686,98,32,92,134,56
2013,"Archipiélago de San Andrés, Providencia y Santa Catalina",15536,6793,6789,4861,665,6241,3906,7443,6722,7496,8192,6198,3824,80,91,93,1,97,42,9908,0,99,97,9949,1,0,99,0,8,473,0,331,698,363
2013,Amazonas,22123,8184,8183,4838,8396,5822,2209,9541,9686,11183,9123,5961,276,1284,329,316,182,526,557,9578,0,9705,526,9231,93,0,9705,56,212,432,0,441,516,258
2013,Guainía,11918,7257,7256,5089,6902,3032,912,11403,10876,15084,10187,5276,5964,2308,493,356,383,792,621,7971,102,8071,792,833,1536,102,8071,1856,1049,359,102,372,306,155
2013,Guaviare,31276,5733,5732,2948,5521,4404,2089,7031,584,7805,7335,4964,4517,2143,402,363,431,414,239,9597,0,9569,414,9756,1,0,9569,0,6,116,0,8,184,179
2013,Vaupés,12659,6225,6225,2169,6388,332,894,7445,4656,10004,6421,4106,1437,1933,853,1155,725,1119,675,813,152,8044,1119,8561,1017,152,8044,785,764,285,152,296,301,32
2013,Vichada,20977,7461,746,3504,7482,3674,1401,8457,8577,11902,6213,3526,2097,3533,917,74,983,875,671,8784,26,875,875,8889,299,26,875,446,44,125,26,91,236,17
2014,Antioquia,1266533,9097,9085,6415,9068,7513,4179,1039,8441,11192,1098,8273,3117,6272,233,206,191,309,201,9508,7,9635,309,949,259,7,9635,42,309,209,7,161,335,184
2014,Atlántico,521917,8581,8558,5218,811,7483,4417,9365,8287,10161,9624,7386,2357,8087,329,128,338,366,304,9637,1,9621,366,9672,34,1,9621,35,24,182,1,17,239,1
2014,"Bogotá, D.C.",1460379,8079,8038,5776,7677,7523,4997,8666,7409,8668,9386,7868,1707,9944,25,27,201,301,248,9736,0,9793,301,9735,14,0,9793,25,17,869,0,547,1406,814
2014,Bolívar,490573,875,8741,5842,8529,7109,3769,9871,1033,1091,9815,7187,2118,4216,353,192,347,419,306,941,8,9488,419,9393,237,8,9488,386,301,196,8,196,25,12
2014,Boyacá,288366,8394,8389,6309,8059,749,4836,9474,8274,9261,10247,8985,2543,2105,189,167,132,255,197,938,22,9583,255,9339,431,22,9583,66,465,224,22,168,348,186
2014,Caldas,195455,8096,8093,5411,7653,706,4368,9236,7133,9442,9947,834,2618,2842,265,301,203,345,248,9474,25,9586,345,948,26,25,9586,364,272,173,25,135,254,179
2014,Caquetá,124473,7936,7933,4622,7956,5715,2336,9171,8082,10891,8844,5922,2864,1089,423,434,385,484,427,9567,0,961,484,9495,1,0,961,5,78,118,0,98,191,91
2014,Cauca,316362,846,8458,4554,86,6465,3139,10548,8307,11729,10927,8085,2134,4274,454,167,38,625,491,9533,0,9617,625,9412,12,0,9617,1,97,12,0,105,178,101
2014,Cesar,261493,9629,9614,5955,9379,746,3699,11111,11426,12766,10698,7561,2852,3059,495,586,441,57,425,9287,69,9393,57,9326,219,69,9393,33,25,12,69,11,169,68
2014,Córdoba,408623,9323,9319,5482,9081,7498,3692,11059,10261,1183,11569,8448,2234,4522,211,17,172,264,262,975,6,9807,264,9658,39,6,9807,62,8,201,6,207,247,147
2014,Cundinamarca,573948,8999,8979,5896,8505,8131,4848,9975,8853,10084,10905,8406,1965,2158,26,244,194,343,256,9672,1,978,343,9619,69,1,978,115,125,173,1,123,273,143
2014,Chocó,145299,8115,8114,5373,8375,4784,1837,10066,8983,12501,8843,6486,188,1884,353,296,325,454,274,9058,21,9085,454,9324,589,21,9085,827,402,44,21,52,39,11
2014,Huila,270459,8835,8829,5917,8899,7554,3936,9941,8186,10726,10587,7589,2694,2448,333,223,235,487,361,9653,0,9763,487,9564,14,0,9763,16,74,108,0,86,16,11
2014,La Guajira,251458,7491,7487,4726,7168,4478,2009,8884,9732,11569,7035,4385,2255,3752,448,226,427,603,405,9514,11,9552,603,9526,38,11,9552,8,69,13,11,128,182,106
2014,Magdalena,331389,9035,901,5938,8379,6794,3395,1084,1284,12667,9926,695,1959,23,296,181,297,334,287,9605,4,9623,334,9607,99,4,9623,144,106,93,4,86,117,49
2014,Meta,215227,9477,9472,5988,9329,7864,4239,1064,9026,11891,10851,7798,2807,2128,302,331,272,36,237,9507,13,9607,36,957,19,13,9607,329,194,141,13,106,244,77
2014,Nariño,397640,7523,7522,4097,7385,5667,3002,8987,7181,10211,8778,7266,222,364,291,52,26,4,258,9698,0,9736,4,9703,11,0,9736,17,4,16,0,136,238,137
2014,Norte de Santander,313966,872,8715,5787,8964,684,3699,9877,9562,11308,9613,7208,2803,1546,33,361,337,34,246,9607,9,9628,34,9648,62,9,9628,102,106,164,9,121,271,14
2014,Quindio,110359,8393,839,4426,7697,7846,4457,9759,7111,9529,11265,8652,2957,3226,368,398,291,469,311,9302,11,9515,469,9346,329,11,9515,531,343,141,11,108,218,105
2014,Risaralda,185754,8818,8802,5156,8411,7647,4111,10353,8214,10663,11418,8575,2609,5663,367,4,304,465,296,9308,52,9454,465,9352,325,52,9454,475,352,166,52,132,262,12
2014,Santander,413227,9363,9352,571,9333,8172,47,10595,9589,11425,11033,831,2612,2154,282,242,243,346,265,9545,49,9659,346,9508,173,49,9659,28,227,176,49,136,28,136
2014,Sucre,201098,9688,9682,6899,9599,7559,3986,11329,13126,12425,11021,8381,2385,5908,583,216,587,725,49,8508,63,8557,725,8661,908,63,8557,1269,849,12,63,118,158,79
2014,Tolima,313709,8636,863,5127,8415,7277,4072,9632,8476,1054,9884,7452,2631,3456,416,283,421,456,362,9031,27,9155,456,9145,553,27,9155,858,493,92,27,82,132,65
2014,Valle del Cauca,880625,8552,8534,5364,8348,7081,3912,984,8798,10584,10324,7679,2191,3622,216,206,18,274,196,956,18,9662,274,959,224,18,9662,361,214,82,18,81,106,52
2014,Arauca,74948,7155,7151,4319,7083,5471,276,8148,7666,9311,7912,5624,2042,2123,559,165,5,739,676,944,0,95,739,9313,1,0,95,0,11,204,0,147,372,139
2014,Casanare,86899,10326,10324,7006,1021,8471,4618,11709,10087,12833,12006,9092,2578,2346,227,192,208,264,22,9287,28,9455,264,9395,486,28,9455,836,385,119,28,102,187,56
2014,Putumayo,92368,7772,7771,3698,7641,6322,2853,9013,7509,9889,9506,6579,2841,1804,433,41,34,576,423,9459,0,9596,576,9392,108,0,9596,176,185,104,0,76,179,98
2014,"Archipiélago de San Andrés, Providencia y Santa Catalina",15395,6817,6813,5444,6817,6125,3852,7386,7659,7607,7889,5748,2604,96,122,211,94,125,155,9874,0,9906,125,9817,3,0,9906,0,27,372,0,29,569,376
2014,Amazonas,22167,8213,8211,4391,8493,5769,2309,9565,895,11405,8912,6326,2029,1651,304,297,195,467,435,9693,0,9802,467,9565,3,0,9802,5,0,39,0,332,617,339
2014,Guainía,11916,7367,7367,573,7108,3422,803,9009,11592,11634,7682,4008,2642,3077,488,459,38,724,533,8194,1069,8486,724,8627,1317,1069,8486,1909,84,464,1069,428,562,264
2014,Guaviare,31344,5623,5623,2653,5426,4326,2072,6766,5186,7498,7157,4853,2954,1502,257,235,234,316,207,9717,142,9759,316,9762,26,142,9759,27,3,142,142,117,204,167
2014,Vaupés,12699,6282,6282,2097,6237,3417,111,7425,4177,9952,6562,4131,1528,1261,786,318,599,1183,1207,90,0,9242,1183,8157,214,0,9242,268,636,32,0,411,209,86
2014,Vichada,21331,7452,7451,345,7482,3618,142,841,836,11812,6209,3636,1786,4946,509,3,395,863,548,8875,294,8865,863,8951,616,294,8865,447,501,11,294,93,197,81
2015,Antioquia,1262800,8992,8979,6107,8902,7417,4261,10314,7942,111,11009,8219,3039,6129,382,286,297,555,28,8934,2,9159,555,9156,684,2,9159,1056,564,283,2,226,455,195
2015,Atlántico,520783,8617,8592,5352,8212,7428,4561,9338,8192,10078,9567,7602,2627,88,139,174,129,157,1,9519,106,958,157,9678,342,106,958,496,222,169,106,138,242,106
2015,"Bogotá, D.C.",1455309,822,8177,5917,7894,7489,5061,8845,7377,8914,946,8194,2756,9887,363,348,272,485,32,9629,0,9725,485,9657,9,0,9725,12,23,991,0,649,1602,794
2015,Bolívar,488886,8878,8869,585,8733,7105,3934,10018,9861,11111,10044,7344,2302,4494,301,316,254,375,269,915,78,9285,375,9234,549,78,9285,815,497,183,78,174,246,92
2015,Boyacá,284611,8362,8357,6302,8065,7422,4861,9337,821,9212,1013,8547,2517,2296,222,18,139,319,232,9327,29,9564,319,9339,451,29,9564,709,429,227,29,146,368,207
2015,Caldas,194108,789,7886,5247,7453,6924,4355,9019,6831,9154,9776,8241,2544,3069,367,366,27,507,31,8813,8,9065,507,9057,82,8,9065,1214,634,218,8,155,358,165
2015,Caquetá,124382,7314,7312,4387,7282,5452,2363,8542,7537,9951,8251,6016,2294,1477,487,49,411,631,408,9165,67,9231,631,9323,348,67,9231,422,269,126,67,102,187,117
2015,Cauca,312453,8221,8221,447,8442,6304,3128,9904,8051,11285,9932,7471,1912,4493,217,212,131,343,246,9164,103,9286,343,9205,619,103,9286,817,548,123,103,124,16,68
2015,Cesar,260802,9552,9539,6165,9276,7388,3863,10985,10995,12653,10438,7846,2672,3987,438,546,396,51,31,9048,122,9148,51,9231,514,122,9148,724,459,108,122,106,132,35
2015,Córdoba,409982,8954,895,5258,8747,7218,3897,10333,9422,11314,10516,7872,2109,3912,226,283,178,29,205,9451,62,9555,29,9432,323,62,9555,459,363,179,62,195,205,11
2015,Cundinamarca,576429,9072,9047,5593,8683,8091,505,10022,8358,10259,10825,8649,1959,3273,327,352,224,462,286,932,43,9557,462,9384,352,43,9557,58,33,214,43,167,326,144
2015,Chocó,145625,8048,8048,5199,822,473,2035,10091,9124,12613,8789,6356,1879,2015,478,427,436,631,302,8835,34,8749,631,9407,687,34,8749,741,291,29,34,3,34,12
2015,Huila,269323,8764,8758,58,8777,7481,4015,9918,8048,10737,1052,7613,2624,3893,517,449,352,775,466,8704,34,9064,775,8767,779,34,9064,1209,767,109,34,8,178,87
2015,La Guajira,258207,7412,7408,4717,7158,4462,198,8661,9591,11096,7123,4218,237,219,229,196,196,325,191,9583,4,9611,325,9679,188,4,9611,252,13,142,4,129,184,64
2015,Magdalena,330539,9361,9343,6405,873,6906,3565,10808,14318,11886,10373,7143,2289,4002,354,307,354,393,282,9368,128,9388,393,9486,278,128,9388,372,232,107,128,1,14,46
2015,Meta,217437,9219,9214,5932,9032,7635,4226,10388,8988,11325,10612,8214,2752,529,33,339,268,435,257,9208,1,9423,435,9346,462,1,9423,794,397,11,1,78,194,55
2015,Nariño,396138,7353,7351,3988,7143,5646,2995,8826,6982,9564,9426,6717,2161,3027,123,85,75,19,151,9642,3,9747,19,952,235,3,9747,339,328,135,3,104,227,95
2015,Norte de Santander,310611,8589,8584,5803,8927,687,3624,9927,9226,11358,9755,7275,2433,1912,266,29,207,353,254,9575,15,9686,353,9535,159,15,9686,255,211,131,15,108,2,85
2015,Quindio,109400,8193,8186,4492,7418,7601,4803,9403,7016,8946,1084,8863,2878,1593,59,592,474,763,467,8809,15,9146,763,8894,601,15,9146,931,639,138,15,111,204,11
2015,Risaralda,183900,8812,8794,5405,8332,766,4322,1025,8112,10321,11361,8946,2565,5542,505,5,367,72,383,8903,138,9249,72,91,592,138,9249,964,518,152,138,128,236,73
2015,Santander,407815,945,9437,599,9434,8245,4784,10597,9426,11223,1119,8551,2617,2565,317,418,237,422,251,9193,81,947,422,9236,49,81,947,818,513,162,81,112,264,131
2015,Sucre,200001,958,9574,6738,95,7313,4225,11216,12556,12233,10959,8564,227,5039,265,296,198,354,259,8704,97,8813,354,8857,1031,97,8813,1427,884,61,97,69,55,23
2015,Tolima,310206,8548,8541,5139,8309,7152,4241,9632,8272,10454,9892,7744,2542,278,371,445,31,468,277,8908,57,9097,468,9196,722,57,9097,1099,527,58,57,52,83,37
2015,Valle del Cauca,875476,8444,8426,5096,8263,6959,3964,9674,8224,1044,10113,772,2238,431,278,307,224,363,231,9104,69,9314,363,9271,618,69,9314,97,499,92,69,72,144,6
2015,Arauca,75107,7288,7284,4647,7195,5591,2837,8295,8265,9152,8264,5976,2022,3755,351,317,282,484,328,9629,0,9718,484,9564,2,0,9718,34,108,227,0,192,347,192
2015,Casanare,87417,10243,10239,7061,102,8312,4695,11506,10231,1235,11957,9097,2571,203,375,413,304,504,259,8889,42,9159,504,9206,736,42,9159,1239,535,121,42,101,184,69
2015,Putumayo,91874,7671,767,3559,7552,6309,2954,8874,7248,9592,9484,667,2777,2527,526,629,445,646,43,8923,34,9154,646,9031,551,34,9154,875,539,85,34,74,12,82
2015,"Archipiélago de San Andrés, Providencia y Santa Catalina",15265,6734,673,5234,6737,6042,3901,7267,691,7607,7645,5881,258,8333,63,29,4,101,7,9592,15,9757,101,9621,344,15,9757,626,308,216,15,183,324,148
2015,Amazonas,22212,8149,8146,4065,8275,5941,2652,9576,7935,11101,9427,6701,2013,1636,476,454,253,8,669,8923,27,9055,8,8852,601,27,9055,627,479,165,27,202,139,134
2015,Guainía,11913,753,753,5321,7275,359,816,9344,11702,11723,8578,381,2615,2444,764,662,639,1059,761,754,1132,7619,1059,7632,1696,1132,7619,1855,1607,212,1132,224,189,0
2015,Guaviare,31553,5491,549,2732,5402,4088,1945,659,5393,7287,6861,4772,2773,2408,47,468,379,648,372,8799,27,8992,648,9006,731,27,8992,1045,622,121,27,9,205,94
2015,Vaupés,12684,6408,6408,2027,6442,3556,1159,7658,4434,10151,6879,4291,1469,2458,808,679,773,966,586,7838,579,7715,966,8574,1354,579,7715,1293,84,349,579,408,337,16
2015,Vichada,21644,7682,7681,3963,7935,346,1494,8709,8664,12364,6226,3802,1463,4162,923,1014,815,1215,796,7694,162,755,1215,848,1382,162,755,1339,724,88,162,82,111,133
2016,Antioquia,1265147,882,8808,5651,8684,7359,4342,10172,7525,10888,10904,8286,30588,2618,447,358,342,646,338,884,17,9066,646,9097,713,17,9066,1063,566,302,17,304,412,116
2016,Atlántico,519509,897,8935,5337,8578,7545,5037,9802,8458,10521,9977,833,27781,9539,213,291,207,228,15,9442,116,9498,228,9606,344,116,9498,489,244,123,116,121,152,52
2016,"Bogotá, D.C.",1453283,807,8026,5639,7904,726,4973,8729,7128,888,9209,8207,27281,9765,208,217,157,269,202,9755,0,9839,269,9598,37,0,9839,17,2,373,0,292,601,209
2016,Bolívar,487274,895,8941,5628,8801,7099,4255,10118,9789,11211,10125,7556,24543,4821,297,358,245,371,248,9168,77,9307,371,9244,535,77,9307,789,507,216,77,222,266,107
2016,Boyacá,279627,838,837,6062,8148,747,5036,96,7949,9811,10139,8769,24765,2686,246,201,147,37,233,935,21,9582,37,9376,404,21,9582,628,391,218,21,166,349,112
2016,Caldas,192703,774,774,5021,7248,694,438,8886,6621,8926,9777,8113,25336,3558,428,438,314,591,344,8916,51,9127,591,9185,656,51,9127,942,472,216,51,178,32,133
2016,Caquetá,124296,754,7536,4675,749,5499,2468,8813,7944,10224,839,6497,26515,119,688,722,592,878,529,9169,18,9288,878,9255,143,18,9288,196,216,22,18,216,297,1
2016,Cauca,307989,839,8384,4841,8512,6549,3356,10022,8406,11256,10227,7483,20246,5152,284,257,185,425,33,9142,98,9244,425,9152,573,98,9244,705,519,122,98,106,178,8
2016,Cesar,259794,976,9744,5868,956,7501,4261,11073,11177,12498,10599,8348,27664,3968,507,694,477,563,301,8953,227,9023,563,9248,54,227,9023,71,452,119,227,118,145,5
2016,Córdoba,411715,903,9028,5099,8749,7253,4242,10435,9394,11423,10442,8377,21791,4741,303,34,227,402,307,936,61,95,402,932,337,61,95,486,373,375,61,381,438,187
2016,Cundinamarca,577612,912,909,5631,8825,8047,5092,10115,8389,1036,1087,8849,19579,3484,368,402,268,505,306,9327,54,953,505,9438,305,54,953,497,256,24,54,186,371,146
2016,Chocó,145596,798,7985,4912,8151,4805,2234,9688,8692,1224,8345,5964,22587,3849,358,394,324,437,277,8744,34,8718,437,9238,898,34,8718,1156,485,194,34,27,128,4
2016,Huila,268744,859,8584,5687,8607,73,4051,9684,8043,10387,10215,7686,2534,2644,523,429,375,776,439,8582,4,897,776,8723,894,4,897,1428,838,435,4,414,601,246
2016,La Guajira,264785,757,7559,4847,7288,4595,2057,883,10154,11146,7415,4265,2392,223,462,383,506,446,276,935,6,9309,446,96,189,6,9309,267,124,45,6,459,53,147
2016,Magdalena,329234,925,9233,5896,8537,6874,3796,10824,12928,11794,10698,755,2334,5403,32,359,316,34,235,9431,43,9466,34,9566,249,43,9466,371,199,531,43,483,438,14
2016,Meta,219565,924,9228,5626,9078,7727,4397,10473,8744,11432,10625,8556,27421,5173,535,658,424,702,406,8908,18,9188,702,9073,557,18,9188,922,521,86,18,84,123,25
2016,Nariño,394574,711,7113,3856,6832,5656,298,8328,6799,9157,8698,6311,21151,3291,167,8,1,261,222,9644,4,9771,261,9586,189,4,9771,307,192,264,4,236,379,134
2016,Norte de Santander,307238,886,8851,5843,9231,709,38,10166,9273,11555,10097,7499,26773,3135,484,54,389,651,37,9124,26,9344,651,9176,391,26,9344,645,455,185,26,157,269,125
2016,Quindio,108652,798,7974,4606,724,7516,493,9175,6915,8634,10445,9122,27934,4777,618,637,497,799,487,8741,29,9059,799,8937,641,29,9059,989,576,113,29,8,183,7
2016,Risaralda,182345,874,8716,5474,8295,7603,4493,10231,8097,10431,1101,926,25753,5211,467,537,335,66,351,8954,138,9256,66,9103,579,138,9256,891,546,109,138,89,169,51
2016,Santander,402820,952,95,5967,9475,83,5045,10647,9539,11142,11212,8914,24887,3265,397,51,317,517,276,8989,52,9298,517,9108,614,52,9298,1022,615,248,52,196,39,127
2016,Sucre,198817,968,9672,6446,9601,7419,448,11151,12726,12212,10739,8564,23034,5554,295,314,234,397,227,8741,144,8895,397,895,964,144,8895,1393,823,47,144,48,57,32
2016,Tolima,306395,847,8459,4933,8247,712,4423,9533,7958,10185,9873,8013,25322,4063,37,402,297,491,28,8931,7,9164,491,911,698,7,9164,1067,61,61,7,6,82,25
2016,Valle del Cauca,873706,814,8123,4712,7838,6991,4143,9381,7423,9831,10053,7948,24647,6306,434,481,356,549,35,8872,64,9133,549,9079,694,64,9133,1069,571,129,64,124,17,54
2016,Arauca,75185,74,7395,4572,7341,566,3026,8537,8185,9601,83,6317,20236,1329,372,445,299,475,361,9628,0,9701,475,9637,0,0,9701,0,2,344,0,249,599,23
2016,Casanare,88003,1002,10018,674,9915,822,4743,11165,9563,1197,11725,8796,24825,3842,421,401,359,562,27,9023,21,9286,562,9234,556,21,9286,97,496,403,21,37,589,141
2016,Putumayo,91441,761,7609,3427,7399,6426,3265,878,7036,9253,9551,6927,26859,1608,753,757,666,918,591,8613,23,8875,918,881,634,23,8875,1006,6,256,23,234,355,11
2016,"Archipiélago de San Andrés, Providencia y Santa Catalina",15167,682,6815,469,7028,6046,3867,7381,6484,8067,7608,5706,2596,7917,226,109,23,266,162,9773,0,977,266,9829,1,0,977,0,1,247,0,199,371,238
2016,Amazonas,22243,814,8135,4544,8027,5977,2664,9612,8442,10878,9616,6838,21218,2661,506,523,275,849,596,8911,32,9128,849,8825,583,32,9128,705,579,661,32,75,717,414
2016,Guainía,11935,776,7764,5882,7591,355,901,9579,12045,11788,8933,4123,26299,1889,821,963,664,1116,6,7485,767,772,1116,8124,1694,767,772,2319,1277,19,767,168,18,58
2016,Guaviare,31671,548,5483,2599,5338,4152,2119,654,5276,7205,6869,4723,27866,1975,47,532,359,647,445,8919,51,9148,647,8888,611,51,9148,93,667,285,51,218,457,222
2016,Vaupés,12654,642,6417,2391,6333,3809,1267,7678,473,9643,7394,4546,1421,2566,66,637,497,1015,511,8311,19,8291,1015,8784,1029,19,8291,956,706,302,19,326,32,18
2016,Vichada,21951,778,7778,4152,8009,3458,1469,879,8446,12536,6317,373,17248,4158,816,1014,771,909,622,7803,18,7521,909,8822,1381,18,7521,1153,557,326,18,379,288,121
2017,Antioquia,1270105,861,86,5658,833,7393,4285,9815,7491,10194,10754,8177,31728,3285,415,356,328,569,339,8868,19,908,569,9095,716,19,908,1064,566,652,19,631,894,297
2017,Atlántico,518257,911,9072,5852,8759,7665,5084,9932,89,10529,10094,8639,32237,925,128,203,123,132,96,9418,112,9492,132,9582,454,112,9492,659,322,111,112,121,127,36
2017,"Bogotá, D.C.",1452849,799,7945,5462,7853,7147,493,8662,7052,8819,9072,8266,31843,9876,162,221,131,19,155,9729,4,9804,19,9618,109,4,9804,136,227,14,4,14,2,6
2017,Bolívar,486067,907,9058,6287,8822,7296,4318,10217,10358,11135,10287,7719,25846,3917,265,337,224,315,232,9116,96,9198,315,9214,619,96,9198,838,554,44,96,422,551,226
2017,Boyacá,275027,835,8348,6066,8141,7523,501,9476,7916,9516,10138,8774,27697,2723,215,355,127,286,222,9261,22,9556,286,9283,525,22,9556,865,495,23,22,165,369,155
2017,Caldas,191444,758,7572,5176,7011,6871,4306,8635,6493,8532,9688,7829,26938,3797,347,367,254,467,3,8946,44,9185,467,9115,707,44,9185,1031,585,308,44,238,475,188
2017,Caquetá,124222,744,7437,4649,7367,5611,2484,881,7713,998,8433,7142,28152,83,673,723,581,831,584,9051,4,9164,831,9152,276,4,9164,375,264,343,4,366,405,162
2017,Cauca,303777,833,8332,4993,8453,6701,3406,9931,851,10932,10237,7647,20127,3201,276,236,174,407,355,9066,121,9221,407,9074,659,121,9221,891,571,126,121,99,196,97
2017,Cesar,259051,991,9892,6389,9633,7705,4361,11118,11487,12638,10638,8018,30738,2642,398,552,367,445,257,9056,105,9146,445,918,546,105,9146,749,563,92,105,94,108,35
2017,Córdoba,413883,888,8872,5375,8435,7301,422,10131,969,10819,1028,8244,21514,3799,303,333,215,408,332,9323,52,9467,408,9283,375,52,9467,534,385,329,52,326,408,203
2017,Cundinamarca,579364,918,9156,5722,8927,8165,5157,10172,8377,10374,10961,8986,20136,2904,257,325,184,342,23,9405,54,9579,342,9457,337,54,9579,522,313,243,54,192,367,154
2017,Chocó,145765,792,7919,5405,8016,4897,2219,9551,9222,1167,8413,6224,23395,3632,238,299,196,315,197,8849,28,8814,315,9268,914,28,8814,1168,535,223,28,314,139,38
2017,Huila,268582,853,8517,6202,8405,7308,4014,9517,8556,9964,10108,7694,28256,2576,414,332,275,64,352,8657,37,9065,64,8798,93,37,9065,1526,849,332,37,275,501,247
2017,La Guajira,271221,755,7544,5171,7296,4692,2069,8651,9619,1069,7548,4475,2573,83,298,411,244,372,259,9392,38,9419,372,956,31,38,9419,392,182,485,38,53,524,159
2017,Magdalena,327940,936,933,5703,8781,7005,3923,10939,11626,12026,10911,7891,2688,4971,257,346,248,266,188,9462,82,9431,266,9594,28,82,9431,3,218,252,82,261,239,1
2017,Meta,221844,909,9088,5686,8887,769,439,10217,8535,10898,10572,8589,31086,2583,42,456,352,533,331,9081,11,927,533,924,499,11,927,792,429,104,11,88,163,49
2017,Nariño,393195,702,7016,3749,6668,5745,2986,833,6448,9131,8785,6393,20998,281,14,118,97,191,177,9582,38,9665,191,9619,278,38,9665,399,204,317,38,279,447,191
2017,Norte de Santander,304148,904,903,6133,9297,7365,3983,10526,9167,1146,1078,8494,30323,3044,36,412,273,481,354,9186,117,9438,481,9144,454,117,9438,758,502,124,117,12,17,54
2017,Quindio,108156,778,7769,4543,7086,7273,4818,8857,6787,8378,10076,8677,29872,2294,492,516,397,628,4,8868,27,9148,628,9009,64,27,9148,969,591,8,27,56,139,3
2017,Risaralda,181154,868,8662,5557,8204,7563,4542,1007,8159,10014,11016,9284,27947,4026,482,584,374,639,359,8934,77,9219,639,9205,584,77,9219,959,436,24,77,214,342,127
2017,Santander,398621,965,9633,6375,9504,8529,5123,10772,9908,1106,11429,9222,29433,3201,267,374,197,337,251,9127,46,9396,337,9161,607,46,9396,987,588,241,46,192,375,134
2017,Sucre,197947,973,972,6967,9521,7617,4405,11179,13146,12105,1092,8412,23538,4438,27,326,217,34,229,8786,73,8889,34,8932,943,73,8889,1318,839,106,73,98,152,63
2017,Tolima,303140,84,8391,506,8139,7188,4379,9439,773,9977,9937,7947,27924,2391,293,353,245,365,225,9006,49,9231,365,9191,701,49,9231,1098,584,73,49,72,99,34
2017,Valle del Cauca,873860,804,8021,4995,7638,7103,4074,9194,7577,9377,10098,7774,2888,4705,371,424,311,448,324,8959,84,9159,448,9198,67,84,9159,1003,478,145,84,135,193,78
2017,Arauca,75197,75,7502,4731,7396,584,3087,866,8324,9704,8563,6225,21767,3581,363,39,328,423,321,9631,0,9672,423,9607,7,0,9672,0,73,717,0,685,905,368
2017,Casanare,88626,978,9772,7103,9681,8176,4606,11268,10107,12293,1158,8631,26656,1569,268,298,219,338,231,9241,8,9405,338,9371,491,8,9405,789,398,209,8,173,325,138
2017,Putumayo,91161,752,7524,3901,7189,6392,3363,8854,7555,93,938,734,273,1636,574,574,407,798,57,8812,2,9111,798,8911,614,2,9111,953,519,265,2,231,389,168
2017,"Archipiélago de San Andrés, Providencia y Santa Catalina",15106,678,6764,5118,6784,5969,3776,7238,6706,7772,7558,5557,27407,7917,115,75,129,113,9,9788,0,9809,113,986,97,0,9809,182,5,204,0,122,375,8
2017,Amazonas,22269,836,821,4895,8056,6067,3005,9656,9262,108,943,7221,20971,165,488,638,306,698,623,8745,91,9004,698,8658,767,91,9004,1101,719,596,91,706,605,242
2017,Guainía,11965,80,7998,596,7883,3662,882,9794,11471,12349,8936,421,25747,1667,768,935,614,1036,697,7679,792,7842,1036,7966,1553,792,7842,1929,1337,313,792,335,328,38
2017,Guaviare,31876,55,5502,2567,5329,4354,2157,676,4869,7531,71,4966,3037,1494,434,613,353,533,4,9439,0,9471,533,9469,127,0,9471,76,131,286,0,217,477,169
2017,Vaupés,12668,665,6538,2337,6539,3927,1403,7829,4508,993,7408,4828,14709,1339,8,877,605,1169,785,8089,58,7981,1169,8499,1112,58,7981,821,715,316,58,357,338,98
2017,Vichada,22282,779,7793,4615,7959,3387,1491,9269,8956,13458,6413,374,21875,377,865,947,797,1048,74,763,63,7275,1048,8512,1505,63,7275,113,749,1173,63,1339,1182,374
2018,Antioquia,1147598,8472,9411,6798,9189,8129,4383,10839,8784,11399,11858,8546,,,397,343,318,542,284,8913,19,91,542,9176,691,19,91,1005,541,313,19,314,422,129
2018,Atlántico,521630,9253,9134,6154,8902,7655,4927,9981,9311,10613,10118,8505,,,155,224,149,165,109,9357,192,9411,165,9545,488,192,9411,66,346,74,192,78,85,27
2018,"Bogotá, D.C.",1179282,7871,9651,7065,9781,8597,5601,1052,9075,11039,1089,9318,,,165,19,135,201,153,9802,0,9865,201,9632,33,0,9865,7,215,33,0,24,57,21
2018,Bolívar,455784,9271,986,6974,9725,7938,4417,11248,11341,12442,11282,822,,,275,365,235,319,24,9031,86,9126,319,9104,693,86,9126,943,656,382,86,388,443,205
2018,Boyacá,234116,8354,9654,7066,9285,8925,5796,10684,9336,10631,11566,9702,,,207,188,128,299,207,9259,26,954,299,9275,534,26,954,854,518,169,26,137,259,101
2018,Caldas,162391,7438,8708,6568,8301,7781,4519,9949,8313,10085,11068,8252,,,296,299,221,388,267,9077,71,928,388,9255,627,71,928,92,478,335,71,285,492,186
2018,Caquetá,98639,7314,9204,5917,9089,6946,3222,10789,9656,12071,10471,8701,,,55,654,461,691,451,9262,42,938,691,9306,188,42,938,257,243,252,42,251,336,137
2018,Cauca,301714,8372,8317,5516,8455,6621,3358,10003,9272,10843,1036,7745,,,258,225,172,377,289,9033,92,914,377,91,709,92,914,916,611,97,92,81,152,43
2018,Cesar,288411,10141,9073,5881,878,7127,3994,10199,10352,1139,9955,7509,,,398,524,373,445,251,9035,87,9151,445,9194,568,87,9151,828,556,124,87,106,17,8
2018,Córdoba,386239,8795,9472,5831,9071,7821,4356,10832,10429,11557,11183,8517,,,223,299,162,29,215,9381,58,9503,29,932,396,58,9503,539,465,289,58,297,345,154
2018,Cundinamarca,547875,9249,9791,67,9858,864,5034,10872,9731,114,11594,8818,,,289,359,209,389,233,9211,74,9456,389,9264,5,74,9456,78,503,211,74,16,334,114
2018,Chocó,143975,7981,8095,5599,8174,5112,2321,9811,9695,11923,8585,6701,,,316,35,262,42,285,8771,6,8762,42,9167,913,6,8762,1198,548,129,6,191,72,24
2018,Huila,242238,8504,9428,7097,924,8128,4475,10628,9963,11157,11277,8325,,,421,338,276,65,371,861,28,9022,65,8717,969,28,9022,157,911,263,28,249,378,127
2018,La Guajira,237991,7772,9055,6637,9009,5654,2325,10372,1151,12969,9159,5138,,,277,36,245,337,16,9301,52,9272,337,9496,422,52,9272,458,344,475,52,579,41,129
2018,Magdalena,317652,9521,9769,6236,917,7392,4066,11566,11854,12519,11716,8663,,,326,363,293,37,294,9358,66,9409,37,9438,315,66,9409,419,267,17,66,171,196,65
2018,Meta,218707,903,9251,6524,9104,7831,4329,10413,9306,11108,10807,8491,,,447,58,353,575,352,8965,15,9243,575,913,588,15,9243,972,518,89,15,69,143,54
2018,Nariño,314579,6788,8454,4904,8182,6966,356,9898,7938,1077,10588,7499,,,134,92,79,212,138,9542,56,9633,212,9607,324,56,9633,444,255,294,56,255,429,152
2018,Norte de Santander,307526,9358,9162,6588,9176,745,4056,10628,9689,11239,11057,8761,,,395,492,336,47,349,9055,4,9265,47,9017,55,4,9265,86,634,141,4,135,194,81
2018,Quindio,83383,7615,9835,6793,9526,8906,5466,11083,9788,11174,12246,931,,,417,471,318,539,345,8917,43,923,539,9052,667,43,923,1027,602,108,43,86,166,63
2018,Risaralda,157477,8617,984,696,9623,8442,4919,11409,9971,1163,12334,9813,,,423,481,341,553,296,8874,96,9134,553,9125,704,96,9134,1079,579,76,96,82,96,3
2018,Santander,401463,9779,9606,6751,9488,8383,4963,10808,10194,11116,11307,9405,,,32,424,241,41,27,8946,45,9315,41,8996,734,45,9315,1229,735,173,45,143,271,71
2018,Sucre,201443,9808,9599,7216,9533,7531,4167,11042,1322,12135,1072,8024,,,278,342,216,362,224,8736,133,8893,362,8903,986,133,8893,1413,873,128,133,128,173,77
2018,Tolima,255496,8388,9854,7209,982,8351,4672,11066,10433,12025,11505,8385,,,302,354,237,389,248,9056,35,9292,389,9204,642,35,9292,1005,548,84,35,84,111,41
2018,Valle del Cauca,861316,7927,8036,5398,7619,7145,402,9187,7867,9292,10116,7731,,,326,383,274,399,249,8922,5,9163,399,9117,752,5,9163,1136,634,11,5,106,144,59
2018,Arauca,60962,7702,9493,6166,9381,7465,3666,11221,10346,12912,11095,7673,,,263,283,221,332,235,9729,0,9779,332,968,8,0,9779,0,86,446,0,408,653,191
2018,Casanare,92859,9681,9305,7143,9101,7886,4409,1043,9628,10897,11124,8302,,,269,308,212,347,231,9077,57,9326,347,9233,654,57,9326,1081,536,2,57,201,284,63
2018,Putumayo,80972,75,8428,4566,8071,7104,3659,9655,8408,10134,10424,7588,,,521,486,359,737,527,8688,68,9049,737,871,79,68,9049,1204,763,215,68,178,324,124
2018,"Archipiélago de San Andrés, Providencia y Santa Catalina",10853,6734,934,6869,9296,8423,509,9993,9231,1056,10841,7304,,,197,161,247,18,71,9379,0,9493,18,9551,425,0,9493,75,378,231,0,221,335,51
2018,Amazonas,22257,8113,8146,4599,7833,6151,3151,9504,8323,1037,9652,7354,,,487,531,309,718,602,9117,7,9195,718,8998,396,7,9195,336,4,412,7,455,461,149
2018,Guainía,15766,8164,6228,464,6195,2893,679,7705,8326,9608,6866,3872,,,714,988,553,982,547,7764,525,7782,982,8569,1522,525,7782,1734,884,508,525,591,41,209
2018,Guaviare,21118,557,8461,4244,821,665,3114,10508,7529,12245,10643,7313,,,336,401,258,463,263,8778,144,9049,463,8875,886,144,9049,1359,862,346,144,346,447,175
2018,Vaupés,15363,6164,5079,2282,5112,3054,1135,5979,3718,7444,5561,3976,,,388,493,313,493,465,8538,164,8537,493,8544,1074,164,8537,1122,991,226,164,258,233,75
2018,Vichada,32951,7813,5374,3074,5668,2406,936,6192,5368,9098,4377,2453,,,714,739,652,899,597,7525,0,7072,899,8806,176,0,7072,123,597,562,0,728,363,101
2019,Antioquia,1149985,94,9383,6786,9024,826,4504,10757,8763,10935,12021,8835,,,402,373,329,533,295,8838,18,9073,533,9137,759,18,9073,1156,568,319,18,292,465,137
2019,Atlántico,533666,9207,9169,6269,8936,7694,4895,1002,9431,10654,10206,84,,,126,172,128,126,9,9291,126,9388,126,9478,583,126,9388,863,432,1,126,106,118,42
2019,"Bogotá, D.C.",1181531,9682,963,6911,9622,8752,5549,10493,881,10898,11095,9209,,,16,212,138,182,141,975,3,9808,182,9625,9,3,9808,98,234,262,3,226,398,144
2019,Bolívar,461988,9944,9933,6767,9781,8064,4543,11239,11017,12035,11694,8478,,,299,401,263,342,238,905,82,9167,342,9158,651,82,9167,925,604,359,82,352,474,207
2019,Boyacá,234368,966,9651,6907,9204,9011,5933,10844,9055,10485,12016,1023,,,205,203,129,28,226,9202,23,9523,28,9226,593,23,9523,975,548,192,23,141,3,124
2019,Caldas,161892,8598,8588,6461,8079,7745,4642,9769,8251,9549,11008,8594,,,331,282,267,432,27,8901,53,9188,432,9123,768,53,9188,1195,607,367,53,304,542,22
2019,Caquetá,98675,9052,9049,578,892,6856,3358,10549,9007,11507,10418,9147,,,532,644,468,626,445,9263,41,934,626,9303,205,41,934,251,253,26,41,27,328,112
2019,Cauca,299016,8442,8439,5449,8523,6878,3642,1007,9074,10693,10426,841,,,278,258,186,383,362,9065,65,92,383,911,656,65,92,894,528,13,65,105,198,99
2019,Cesar,296234,9077,9057,56,8823,714,4008,10206,9946,11213,10239,764,,,411,558,387,454,263,8908,92,9054,454,9076,681,92,9054,1006,661,107,92,86,155,73
2019,Córdoba,387454,9423,9416,549,8917,7923,4526,10757,10047,11384,11285,8474,,,264,395,202,321,247,936,85,9459,321,9332,376,85,9459,475,42,342,85,336,429,208
2019,Cundinamarca,570377,9614,9586,6593,9463,8596,497,10607,9354,10927,11463,8808,,,302,372,222,4,251,9168,67,9429,4,9289,53,67,9429,857,459,174,67,133,276,82
2019,Chocó,143999,8264,8264,5313,8413,5338,2392,10324,9152,12417,941,7249,,,28,322,231,373,234,8846,8,8847,373,9246,874,8,8847,1136,521,108,8,153,71,26
2019,Huila,242194,942,9412,6848,9218,8135,4583,1053,9737,10996,11303,8196,,,448,39,287,696,375,8586,35,9039,696,8742,967,35,9039,16,883,284,35,231,442,187
2019,La Guajira,245778,9292,9286,7201,9302,5799,2508,10371,11296,12679,9402,5434,,,251,331,232,273,194,9327,87,9329,273,9489,421,87,9329,532,317,359,87,44,326,84
2019,Magdalena,323546,9749,9727,6186,9183,7384,4103,11432,11709,1218,11706,8825,,,35,425,299,403,333,9368,63,9442,403,9445,283,63,9442,391,223,153,63,161,166,61
2019,Meta,218194,9359,9351,6464,9163,7983,4499,10715,9458,11022,10971,10067,,,397,528,326,49,31,9099,1,9315,49,9239,504,1,9315,811,451,103,1,78,171,55
2019,Nariño,309763,84,8395,5302,7987,6944,38,9835,7969,10373,1063,7943,,,145,116,96,21,153,9585,29,9699,21,9587,27,29,9699,401,26,323,29,281,48,159
2019,Norte de Santander,318252,9225,9218,6442,9115,7609,4187,10649,9294,11114,11131,9228,,,325,426,297,361,258,9056,85,9243,361,9096,619,85,9243,956,646,137,85,134,183,77
2019,Quindio,83130,9677,9673,6976,934,8785,5361,10923,9802,10984,12002,9302,,,394,344,309,505,364,8813,27,9147,505,8953,793,27,9147,1246,683,104,27,73,164,75
2019,Risaralda,156174,9914,9888,6978,9557,8625,5047,11485,9996,1143,12575,10221,,,499,583,378,668,373,886,81,9166,668,9146,641,81,9166,102,481,116,81,91,19,45
2019,Santander,405798,9638,962,6764,9458,847,4996,10683,10052,10933,11434,8926,,,301,385,241,379,227,8953,46,9303,379,9047,747,46,9303,1242,726,191,46,149,296,117
2019,Sucre,203411,9593,9588,6835,9494,7635,419,10896,12739,11679,10863,8184,,,3,367,238,386,233,8791,99,8948,386,9001,909,99,8948,1321,766,117,99,105,173,69
2019,Tolima,251347,992,991,7223,9758,8503,4877,11063,10532,1165,11744,8682,,,37,435,294,48,277,8984,27,9251,48,9165,645,27,9251,1025,559,75,27,76,99,34
2019,Valle del Cauca,854243,8168,8146,5595,7671,7269,4195,9262,7813,9239,10253,8057,,,392,475,336,47,298,8884,71,9113,47,9121,725,71,9113,108,581,117,71,106,164,61
2019,Arauca,64095,9309,9306,5817,9177,7322,3731,10649,994,11596,10903,8099,,,402,498,366,473,246,9531,12,9573,473,9665,67,12,9573,85,89,382,12,37,51,189
2019,Casanare,93431,9346,9343,6921,9144,809,4498,10468,9471,10783,11391,8355,,,301,396,267,354,207,9013,26,9248,354,9296,686,26,9248,1152,497,19,26,17,291,64
2019,Putumayo,80890,8483,8483,4843,8113,7212,3716,9673,852,10014,10588,7607,,,539,581,371,732,572,857,58,8975,732,8549,891,58,8975,1368,879,189,58,136,299,154
2019,"Archipiélago de San Andrés, Providencia y Santa Catalina",11002,9192,9187,7312,9097,8213,4997,9859,8857,10361,10651,755,,,208,131,208,244,149,8864,82,9151,244,9032,928,82,9151,1521,819,386,82,335,608,96
2019,Amazonas,22435,814,814,5319,789,6064,2973,9556,9908,10343,9595,7041,,,417,64,276,517,603,8823,39,911,517,8385,76,39,911,113,1013,707,39,636,954,654
2019,Guainía,15808,6626,6626,4864,6719,3146,869,8077,8779,10039,7192,4229,,,57,634,458,747,695,7865,3,7938,747,8456,1565,3,7938,2125,849,731,3,829,813,36
2019,Guaviare,21301,8311,8309,4211,7969,6844,3038,10082,7711,10968,10947,729,,,447,667,4,495,337,8803,69,9054,495,8929,75,69,9054,1206,735,164,69,169,218,4
2019,Vaupés,15675,5233,5233,2263,5502,2999,1308,6104,3341,7791,5612,4026,,,304,482,18,508,329,9008,23,9185,508,882,688,23,9185,852,85,371,23,403,437,82
2019,Vichada,33198,5551,5551,3598,5919,25,873,6242,5764,9021,4604,2392,,,763,7,745,896,478,7492,204,713,896,8631,1744,204,713,1448,892,782,204,1066,432,147
2020,Antioquia,1151149,9359,9343,7025,8826,8338,4745,10619,8833,10536,11954,9074,,,23,223,198,272,221,8997,79,9219,272,9067,773,79,9219,1146,712,648,79,592,937,317
2020,Atlántico,542750,9275,9238,6416,8939,7867,4983,10038,9439,10635,10176,8596,,,141,14,146,149,1,9404,312,9441,149,9583,455,312,9441,588,317,427,312,398,605,213
2020,"Bogotá, D.C.",1181597,9641,9589,6915,9379,8906,573,10474,859,10607,11181,9706,,,46,52,5,38,55,944,42,9629,38,9212,514,42,9629,751,733,375,42,314,571,227
2020,Bolívar,466941,9891,988,6616,9652,818,4779,1104,10442,1177,11419,876,,,203,177,175,252,193,9406,24,951,252,9433,391,24,951,538,374,592,24,599,771,329
2020,Boyacá,234540,9491,9484,6886,9033,8976,5872,10367,8914,10134,11345,9679,,,17,151,104,215,239,9055,81,9524,215,8839,775,81,9524,1268,922,542,81,381,855,395
2020,Caldas,161746,8465,8457,6332,7877,7679,4902,9632,7987,9236,10842,8981,,,235,152,172,311,249,9289,33,9524,311,9262,476,33,9524,735,489,648,33,559,966,327
2020,Caquetá,98602,8894,8891,5746,8803,6909,3355,10154,8918,1123,10189,7978,,,628,527,567,756,576,8374,117,8557,756,8369,998,117,8557,1366,1054,419,117,434,535,208
2020,Cauca,296813,85,8497,5492,8548,7004,3872,9543,8861,10487,9675,7407,,,159,146,106,208,24,9193,7,9388,208,9058,648,7,9388,954,702,587,7,606,773,314
2020,Cesar,302403,8988,8973,5665,8696,719,4041,9916,9611,1086,10026,7378,,,858,636,597,636,2989,824,653,8738,636,6263,902,653,8738,1335,748,524,653,481,74,33
2020,Córdoba,388446,9327,9321,5406,8747,8012,463,10359,9793,10822,10968,8248,,,254,384,187,295,293,9227,431,9415,295,9207,52,431,9415,699,5,584,431,583,736,376
2020,Cundinamarca,592264,9368,9342,6447,9032,8608,5035,10327,8951,10347,11334,8989,,,278,336,234,293,356,9058,161,9377,293,8918,663,161,9377,1051,726,529,161,422,809,304
2020,Chocó,143711,8398,8397,5317,8584,5587,2601,9463,9095,11695,8655,543,,,204,164,157,282,254,9172,102,9252,282,9207,624,102,9252,845,539,778,102,926,847,316
2020,Huila,242199,9346,9338,6522,9214,8178,4627,10351,9173,10737,11221,8225,,,249,18,196,332,254,8963,27,9352,332,8815,788,27,9352,1355,931,685,27,569,1059,433
2020,La Guajira,252101,9428,942,7787,9412,5887,2706,10474,11718,12628,9469,5776,,,208,235,222,176,192,8911,364,889,176,915,881,364,889,1106,658,587,364,679,639,196
2020,Magdalena,327562,9603,9583,6118,904,7425,4261,11091,11044,1171,11368,8982,,,387,568,426,297,364,9081,29,9228,297,9153,532,29,9228,856,483,38,29,367,504,18
2020,Meta,217673,9391,9383,6564,9098,8117,4712,10544,9193,10873,10993,9506,,,247,314,225,268,225,8706,198,8978,268,8779,1047,198,8978,1549,995,432,198,353,677,242
2020,Nariño,305761,8415,841,5501,7906,6972,4101,9739,7903,10083,10522,8291,,,175,102,173,203,143,8934,368,8994,203,9176,891,368,8994,114,681,468,368,461,635,235
2020,Norte de Santander,325981,9024,9016,669,89,7687,412,9832,9361,10672,10001,7629,,,394,403,365,458,308,8882,267,8974,458,9082,724,267,8974,948,611,551,267,457,825,413
2020,Quindio,83129,9597,9593,7149,9139,8794,564,10741,9638,10563,11941,9409,,,307,276,257,36,327,901,46,9322,36,892,683,46,9322,1059,753,606,46,485,952,334
2020,Risaralda,155149,989,9864,6993,9452,8735,5226,11387,9811,11229,12543,10275,,,289,262,256,346,25,8868,278,9157,346,8842,843,278,9157,1222,908,541,278,441,829,291
2020,Santander,408876,9597,9583,6801,9345,8552,5123,10554,9558,10751,11325,9052,,,185,196,158,214,191,9104,284,9397,214,9126,71,284,9397,1115,684,626,284,47,996,402
2020,Sucre,204837,9522,9517,6644,9284,7721,4308,10793,12304,1143,10976,8142,,,2,335,136,253,176,9243,31,947,253,9248,557,31,947,834,576,751,31,732,1051,459
2020,Tolima,247605,9937,9927,7066,9701,8593,5147,11054,10333,11467,11757,9092,,,329,287,289,393,306,9022,94,9273,393,9079,648,94,9273,1016,615,513,94,439,776,274
2020,Valle del Cauca,846957,8218,8196,5787,7711,7315,4444,9214,7898,9109,10159,8236,,,273,359,259,286,238,9041,188,9243,286,9111,686,188,9243,992,65,572,188,505,831,285
2020,Arauca,66580,9284,9281,59,907,7491,3732,10596,9592,11678,10835,7852,,,393,221,354,482,448,8552,402,8763,482,8681,1055,402,8763,1539,871,39,402,348,577,173
2020,Casanare,93855,9438,9435,7129,9278,8272,4714,10495,9489,10779,11383,8536,,,211,214,196,232,199,9095,84,9357,232,9063,694,84,9357,1129,738,543,84,448,879,237
2020,Putumayo,80810,8442,8441,5072,8058,7307,395,9521,8377,9836,10401,7586,,,742,449,584,956,881,868,25,9059,956,8505,578,25,9059,957,614,681,25,574,1017,466
2020,"Archipiélago de San Andrés, Providencia y Santa Catalina",11169,9277,9267,7745,9069,8301,5087,9915,9413,1029,1075,7568,,,141,126,13,156,146,9177,173,9269,156,8967,682,173,9269,825,887,867,173,744,1291,47
2020,Amazonas,22563,8126,8124,5016,7955,6021,3042,9499,9051,10271,9686,722,,,237,646,75,36,283,8872,6,9452,36,7926,891,6,9452,151,1791,10,6,1063,1225,68
2020,Guainía,15771,7052,7051,5592,6996,3354,1073,8391,965,10558,724,4318,,,353,518,349,313,304,8146,416,8451,313,795,1501,416,8451,2457,1745,105,416,1143,1399,36
2020,Guaviare,21482,8307,8306,433,7641,678,3428,10072,8117,10318,11113,8361,,,441,309,327,581,632,8667,125,9156,581,8332,892,125,9156,1558,1036,604,125,545,877,337
2020,Vaupés,15910,5347,5347,3055,5496,3122,1332,628,438,7815,5855,4098,,,254,288,211,28,409,8118,667,7957,28,8114,1628,667,7957,1486,1476,715,667,786,744,508
2020,Vichada,33298,6015,6014,4353,647,2674,99,6664,637,9783,471,2559,,,307,288,309,33,217,8408,6,8207,33,9172,1285,6,8207,1348,61,1444,6,1898,962,393
2021,Antioquia,1149861,9262,9245,6922,8705,828,4985,10469,8554,10329,11702,9314,,,481,359,427,59,413,8752,3,8926,59,8894,766,3,8926,1065,693,584,3,507,868,302
2021,Atlántico,546055,9393,9355,6165,897,8098,5145,10196,886,10693,10459,9109,,,167,215,175,168,103,9056,314,9134,168,9266,778,314,9134,1034,632,382,314,375,488,156
2021,"Bogotá, D,C,",1174274,9428,938,6399,8992,8919,5884,10257,7921,10147,11135,9955,,,129,107,108,135,188,8815,86,9146,135,8715,1056,86,9146,1584,1097,329,86,244,52,239
2021,Bolívar,469046,9939,993,6182,9668,8348,5046,11133,9214,11798,11618,9465,,,369,413,333,427,313,8865,118,8987,427,8889,766,118,8987,101,798,41,118,369,567,212
2021,Boyacá,234348,9555,9548,6977,8956,9109,5926,10485,8852,10158,11706,9631,,,297,275,213,363,369,8805,96,9234,363,873,898,96,9234,1394,901,591,96,341,977,486
2021,Caldas,161737,8434,8425,6305,7878,7679,5084,9587,774,9237,10648,923,,,31,25,248,392,302,902,81,9205,392,907,67,81,9205,924,628,446,81,365,671,276
2021,Caquetá,98412,8673,867,5537,8621,6799,3282,9751,8198,10908,9982,714,,,85,563,756,1066,779,8282,84,8445,1066,8397,868,84,8445,1146,824,759,84,762,984,423
2021,Cauca,294933,8633,8628,5546,8619,716,4052,9767,8645,10616,10032,7752,,,303,211,202,424,404,8833,121,9029,424,87,864,121,9029,1144,896,598,121,531,857,434
2021,Cesar,305550,8921,8904,5313,8564,725,4047,988,8754,1084,10153,7376,,,243,227,218,285,223,8909,154,908,285,8968,849,154,908,1214,809,628,154,477,987,382
2021,Córdoba,388712,9304,9295,5009,8649,8055,496,10367,8579,10749,11056,8923,,,295,377,232,353,308,8941,279,9058,353,8986,763,279,9058,943,706,481,279,411,62,304
2021,Cundinamarca,610367,9084,9058,6068,8596,8479,504,10006,8359,9903,1111,891,,,406,444,37,451,374,8934,103,9202,451,8906,659,103,9202,101,72,52,103,359,839,337
2021,Chocó,143120,8722,8717,5185,8988,6074,291,10043,8389,12019,98,6231,,,402,368,314,534,474,8605,16,8751,534,8683,992,16,8751,1349,843,589,16,645,693,337
2021,Huila,242129,938,9373,6434,9329,8221,4819,10413,8799,10821,1123,8555,,,618,367,492,837,617,8398,22,8737,837,8425,984,22,8737,1475,958,523,22,377,853,423
2021,La Guajira,255513,9946,9935,7915,10004,6089,2793,11161,11714,13724,9857,6302,,,206,19,206,223,162,8912,195,8864,223,9079,882,195,8864,1052,76,609,195,699,64,277
2021,Magdalena,328343,9715,969,6003,9135,7568,4334,11269,10614,11857,11551,9537,,,207,16,178,238,263,9446,118,9572,238,9293,347,118,9572,501,444,309,118,257,424,177
2021,Meta,216914,9437,9428,6507,9062,8171,4795,10594,8978,10886,11123,9618,,,44,36,436,476,393,86,53,8837,476,864,96,53,8837,1428,967,619,53,544,906,361
2021,Nariño,302506,835,8343,5518,7817,6947,4292,9669,7471,9917,10361,8761,,,223,146,14,314,287,9183,94,9314,314,9224,594,94,9314,786,488,666,94,641,9,351
2021,Norte de Santander,328034,9206,92,6558,8954,7923,4463,10177,8992,10791,10419,8745,,,41,364,383,468,375,8757,14,8953,468,8775,833,14,8953,1207,85,39,14,31,592,279
2021,Quindio,83299,9472,9464,7034,9025,8673,57,10515,9207,10396,11564,943,,,62,589,579,7,546,871,23,8931,7,8789,67,23,8931,999,666,444,23,32,719,3
2021,Risaralda,154342,9933,9907,6807,9464,887,5418,11487,9507,11351,12584,10637,,,465,427,4,566,413,8778,94,8983,566,891,757,94,8983,1072,677,433,94,346,633,317
2021,Santander,409198,9605,9589,6785,9303,8689,533,10658,9226,10629,11352,1006,,,4,389,376,46,318,8749,77,9095,46,8797,851,77,9095,1368,885,447,77,305,745,291
2021,Sucre,205082,955,9546,6394,9224,7867,4528,10854,1115,11408,1117,8714,,,251,236,217,303,238,8982,107,9121,303,9004,767,107,9121,107,758,397,107,297,603,338
2021,Tolima,244021,10121,10113,7255,9801,8841,5361,11246,10179,11629,12011,937,,,503,423,442,622,414,8743,31,8966,622,8822,754,31,8966,108,764,42,31,326,66,256
2021,Valle del Cauca,839566,8186,8167,5521,7654,7248,4788,9214,7333,907,1004,884,,,453,456,445,493,368,8716,104,8867,493,8872,831,104,8867,1148,761,476,104,406,692,28
2021,Arauca,67759,9394,9388,6338,914,7478,3753,1078,9773,11953,10896,8015,,,331,299,332,351,278,9354,74,9416,351,939,315,74,9416,472,332,667,74,567,1023,38
2021,Casanare,93896,9467,9463,6784,933,827,4939,10584,8663,11057,11443,8668,,,461,334,393,565,489,8647,77,8998,565,8473,892,77,8998,1368,1038,626,77,497,992,372
2021,Putumayo,80699,8459,8457,512,8181,7259,3964,9622,8067,10099,10392,7705,,,1028,726,86,1318,968,823,42,8615,1318,8347,742,42,8615,1169,685,487,42,351,789,358
2021,"Archipiélago de San Andrés, Providencia y Santa Catalina",11312,9088,9082,7046,88,8312,5105,9669,8244,9933,10699,7695,,,71,5,34,94,145,9103,17,9263,94,8839,826,17,9263,1065,1015,415,17,402,462,484
2021,Amazonas,22670,8203,8196,5513,8129,5936,2798,9593,8818,10391,9903,7202,,,504,693,331,651,738,8604,44,8837,651,8138,892,44,8837,1128,1124,1476,44,943,2522,1639
2021,Guainía,15643,7805,7796,5555,7739,3678,1083,9244,9728,11682,8255,4596,,,867,853,707,109,1228,72,121,7433,109,7265,1932,121,7433,2396,1507,1023,121,894,1495,928
2021,Guaviare,21658,8491,8479,4456,7795,6888,3569,10064,7716,10675,11145,7535,,,729,706,534,994,8,8284,46,8687,994,8252,988,46,8687,1493,949,78,46,572,1284,477
2021,Vaupés,16081,5473,5472,3092,5563,3297,1282,6682,4838,7934,6639,4481,,,418,506,303,516,691,9014,16,9258,516,8369,567,16,9258,781,94,36,16,274,553,419
2021,Vichada,33183,6544,6543,4544,7292,2849,1105,73,6551,10757,5211,2912,,,502,45,4,765,618,7756,6,7492,765,8375,1742,6,7492,1498,1007,1113,6,1393,904,338
2022,Antioquia,1134099,935,9332,7312,8854,8183,5235,10484,9227,10317,11541,9423,,,473,436,401,6,382,871,16,8952,6,8983,817,25,8952,1249,635,649,25,658,878,334
2022,Atlántico,544473,944,9401,6546,8956,8009,5305,10312,9681,10621,1038,9715,,,264,341,274,272,157,9106,95,9151,272,9372,63,276,9151,874,471,591,276,607,744,284
2022,"Bogotá, D.C.",1150474,9389,9337,634,8775,8864,6205,10187,7943,9886,11061,10361,,,346,414,335,372,28,9055,21,9238,372,9174,599,29,9238,932,546,572,29,47,883,345
2022,Bolívar,464305,10032,10019,6826,9769,8289,5106,11309,10412,11809,1168,9753,,,401,492,361,45,356,8882,37,9003,45,9003,717,177,9003,1012,64,685,177,737,85,356
2022,Boyacá,234191,9395,9387,7404,8865,877,5945,10284,9475,988,11317,9586,,,29,303,209,379,274,899,15,9325,379,9157,72,77,9325,1176,569,761,77,575,1181,512
2022,Caldas,159847,8332,8321,6536,7806,747,5096,935,8288,8979,10238,9015,,,381,379,266,517,362,886,36,9139,517,9091,759,72,9139,1168,548,6,72,608,811,313
2022,Caquetá,97946,835,8348,5727,8399,6561,3297,9441,8928,10557,938,7018,,,637,695,558,784,479,8749,29,8835,784,8998,614,75,8835,794,523,749,75,854,875,333
2022,Cauca,295168,8577,8573,5959,8571,7021,4039,9726,9687,10338,99,795,,,396,353,256,551,532,8895,76,9069,551,891,709,104,9069,967,558,745,104,788,953,443
2022,Cesar,308443,8794,8777,5935,8494,7013,40,9742,9765,10591,9847,7323,,,602,696,53,717,47,8662,38,8846,717,8865,737,172,8846,1084,665,744,172,762,969,398
2022,Córdoba,390847,9075,9066,5525,8472,7664,5028,10154,9781,10265,10646,9075,,,409,526,295,515,424,8739,12,8926,515,8798,853,339,8926,1138,778,752,339,853,859,388
2022,Cundinamarca,583695,9646,9616,6726,9119,8869,5467,10512,9584,10415,11567,9138,,,386,493,33,464,282,9002,61,9263,464,9223,612,121,9263,10,496,681,121,558,1032,401
2022,Chocó,147806,845,845,5604,8714,5933,2868,10206,9461,11486,10288,7147,,,367,369,289,467,437,8788,1,8783,467,9019,845,16,8783,1012,544,905,16,1023,1069,462
2022,Huila,247652,9187,9177,6854,9296,7759,4817,1013,9594,10608,10555,832,,,513,372,337,79,509,863,1,9002,79,8675,856,17,9002,1339,816,696,17,684,975,399
2022,La Guajira,262402,9933,9925,8295,10013,6036,2843,11067,12549,13438,9732,6376,,,365,407,344,411,291,8654,208,865,411,897,981,261,865,1265,739,977,261,1192,983,343
2022,Magdalena,327302,9616,9592,6325,9025,7423,4248,11849,11428,13165,11474,9533,,,49,635,456,509,454,9107,81,9155,509,925,403,311,9155,536,296,502,311,457,675,293
2022,Meta,221130,9324,9317,6828,9028,791,4842,10525,9587,10838,10754,9752,,,518,566,453,628,402,8745,23,8965,628,9006,737,37,8965,1134,592,747,37,689,1081,413
2022,Nariño,307217,8063,8058,5947,7543,6677,4178,9287,828,9386,9881,8382,,,285,206,211,383,319,9201,3,9308,383,9253,514,141,9308,693,428,807,141,903,10,349
2022,Norte de Santander,328869,9188,9181,6999,8895,7687,4666,10186,9787,10567,10306,9179,,,449,541,436,477,345,8756,28,8889,477,8901,795,73,8889,1155,754,603,73,571,854,355
2022,Quindio,81903,9529,9524,7432,9151,8511,5884,10521,9958,10497,11181,9586,,,597,631,498,724,554,8673,9,8981,724,8838,73,13,8981,1181,608,486,13,443,728,268
2022,Risaralda,155669,9779,9752,704,9285,8606,5451,11161,9938,10974,12029,10512,,,642,635,515,835,537,8695,62,9037,835,8948,663,74,9037,1098,514,57,74,544,793,329
2022,Santander,405521,9667,9649,7328,9372,8459,5391,10707,10327,10667,11166,10081,,,493,597,444,58,351,8749,25,9032,58,894,758,49,9032,1217,71,643,49,491,1043,402
2022,Sucre,203779,9448,9441,6823,9168,7734,467,10724,12421,11055,10979,8619,,,39,392,293,524,348,8751,23,8904,524,888,86,159,8904,1192,772,612,159,62,811,371
2022,Tolima,242793,10035,10026,769,9862,8587,5368,11139,11159,11469,11761,9204,,,471,463,394,594,383,8839,33,9034,594,9077,69,31,9034,1022,54,621,31,618,85,344
2022,Valle del Cauca,848047,7971,795,5959,7532,6857,4739,8932,8108,8818,9427,8626,,,551,594,493,653,446,8648,55,8878,653,8906,801,79,8878,1215,648,633,79,622,855,383
2022,Arauca,66682,927,9267,6927,8955,7098,3978,10514,10812,11302,10451,8388,,,698,78,731,687,48,8853,5,887,687,9168,449,203,887,678,352,681,203,658,988,269
2022,Casanare,95609,9341,9337,7177,9213,8004,4904,10268,9235,10558,11079,843,,,398,467,343,488,298,8853,21,9095,488,9091,749,55,9095,1199,612,703,55,619,1057,402
2022,Putumayo,81190,8183,8181,5542,8138,6708,3904,9102,8824,9686,9414,7187,,,654,578,525,867,599,8637,38,8923,867,8765,709,36,8923,1103,635,576,36,507,871,361
2022,"Archipiélago de San Andrés, Providencia y Santa Catalina",10796,9705,9689,8188,9379,8711,568,1028,9606,10322,11274,852,,,322,163,264,416,343,8451,0,9003,416,8285,1227,3,9003,2021,1372,798,3,913,938,487
2022,Amazonas,23239,7725,7724,5473,7944,5518,2485,9058,9022,9993,8918,6902,,,611,608,404,89,778,8845,12,9096,89,8773,544,225,9096,789,449,1042,225,1181,1161,674
2022,Guainía,16612,676,676,5202,6774,3386,1026,7776,8042,10021,6833,3732,,,708,662,568,1016,625,7921,123,7794,1016,8774,1371,719,7794,1413,601,1302,719,1478,133,495
2022,Guaviare,22538,8014,8013,4574,7353,6447,3205,9571,7708,10013,10368,7793,,,367,562,269,487,286,8741,192,8906,487,9105,892,108,8906,1217,609,839,108,877,1062,406
2022,Vaupés,15585,5551,5551,3719,5593,343,1369,6601,5213,7915,6407,4392,,,472,443,296,726,594,9254,0,9425,726,9266,274,197,9425,358,14,926,197,1173,809,42
2022,Vichada,33949,6699,6698,4858,7602,2891,1158,7403,6288,11048,5261,2955,,,658,515,638,765,611,7629,12,7205,765,8735,1714,36,7205,1273,654,1424,36,1803,1031,519
2023,Antioquia,1131546,9207,9189,7225,8803,7926,5334,10261,8995,10207,11057,9434,,,483,405,409,633,375,8669,23,8938,633,8977,847,194,8938,1334,649,969,194,954,1352,423
2023,Atlántico,545813,9406,9363,6586,8959,7914,553,10235,9327,10568,10234,9845,,,234,334,238,241,143,9118,73,9196,241,9402,648,699,9196,945,455,698,699,792,745,227
2023,"Bogotá, D.C.",1141573,929,924,6143,8697,8648,6442,10088,7517,9791,10819,1073,,,282,324,269,317,216,894,37,9187,317,9135,778,166,9187,1257,65,755,166,711,1098,32
2023,Bolívar,464501,9962,9952,6884,9592,8302,5204,11253,10648,11659,11477,10076,,,357,478,297,426,303,8941,38,9123,426,9052,702,651,9123,105,645,927,651,1008,1082,369
2023,Boyacá,233865,9198,9192,7142,8774,848,6034,10085,8965,9819,10863,9692,,,243,231,16,336,238,9071,32,9415,336,9222,686,202,9415,1147,539,8,202,672,121,405
2023,Caldas,159795,8081,8069,6148,7654,7196,5144,9011,7743,8773,9689,8867,,,335,305,254,455,289,8922,59,9206,455,9145,742,257,9206,1187,566,866,257,815,1252,375
2023,Caquetá,97237,8322,8318,5815,8362,6482,3339,9302,8801,10459,9178,6917,,,689,63,584,897,57,8631,3,879,897,894,68,462,879,975,491,1136,462,131,1266,355
2023,Cauca,294377,8468,8465,5747,845,6965,4226,9632,9159,10228,9758,818,,,359,329,214,55,407,8929,74,9147,55,9044,712,452,9147,1025,549,922,452,989,112,436
2023,Cesar,310910,8689,867,5902,8387,7046,4088,9569,9298,10426,9572,7498,,,479,58,412,594,333,8734,54,8969,594,8975,787,552,8969,1216,692,953,552,1034,1113,404
2023,Córdoba,391239,8888,888,5274,8246,7579,5038,9955,952,10049,10408,9029,,,352,534,211,477,368,8856,6,9122,477,8883,792,775,9122,1126,748,1052,775,1077,1275,545
2023,Cundinamarca,598065,9359,9332,6291,8871,8525,5655,10174,8756,10098,11034,9371,,,377,449,303,483,287,8962,48,9279,483,9173,661,409,9279,1105,54,829,409,709,1223,358
2023,Chocó,147698,8491,8491,5521,8607,6103,296,10301,945,1128,10339,8178,,,232,18,201,299,207,8924,26,8934,299,9229,844,228,8934,1089,565,1059,228,1295,1133,319
2023,Huila,248849,9052,9041,6632,9233,7624,4809,9953,9321,1064,1012,8177,,,457,355,287,731,418,8749,3,9169,731,8839,794,141,9169,135,743,843,141,85,1138,444
2023,La Guajira,266038,9896,9891,8352,10085,6098,2996,10945,12086,13501,9489,6335,,,329,323,309,392,245,8712,155,8729,392,9076,959,828,8729,1296,68,1292,828,1462,1348,454
2023,Magdalena,326763,9534,9508,6505,8942,7421,4379,11408,11214,12295,11325,9484,,,386,452,355,423,347,9097,133,9214,423,9229,517,1468,9214,747,423,104,1468,1157,996,416
2023,Meta,221701,9243,9237,6801,9039,7781,4952,10433,928,1078,1042,10159,,,467,479,395,611,313,8745,22,9005,611,9025,788,331,9005,1239,662,969,331,10,1262,374
2023,Nariño,306503,7828,7824,5545,7386,6471,4243,8937,7461,9153,9436,8153,,,212,149,156,301,198,9275,19,9418,301,9395,513,368,9418,767,407,994,368,1099,1219,383
2023,Norte de Santander,329874,9117,9111,6885,8868,7555,4914,10116,9625,10519,10027,9507,,,479,547,436,569,348,8673,44,8926,569,8858,849,256,8926,1356,794,819,256,884,1009,409
2023,Quindio,82112,9278,9273,7203,8971,8161,583,10167,9485,10364,1063,9129,,,552,531,434,726,498,8642,3,9004,726,8825,805,182,9004,1333,678,809,182,739,122,371
2023,Risaralda,155482,9587,9561,6733,9141,827,5677,10759,947,10743,11372,10215,,,56,662,464,712,426,8769,31,9085,712,9036,671,349,9085,1125,538,844,349,759,1228,397
2023,Santander,405256,958,9564,7127,9298,834,5602,10585,9875,10596,10881,10312,,,42,471,34,545,323,8814,33,9182,545,8985,765,295,9182,1295,692,799,295,732,1134,407
2023,Sucre,203607,925,9244,6929,8916,7635,4745,10468,1213,10772,1056,8774,,,304,355,219,408,28,8836,22,9113,408,8842,859,1701,9113,1322,878,1156,1701,1144,1257,519
2023,Tolima,239730,9913,9904,7638,9824,8394,5477,10966,10888,11429,11283,9356,,,42,393,34,553,344,8933,49,9172,553,9128,647,421,9172,1013,528,861,421,919,1089,331
2023,Valle del Cauca,842813,7809,779,5861,7478,6648,4635,8708,7783,8747,9027,8424,,,522,551,464,642,381,8635,84,8892,642,8919,843,519,8892,1293,7,908,519,901,1193,403
2023,Arauca,67389,9096,9092,6715,8805,6982,412,10271,10143,11043,10113,8607,,,454,433,438,525,329,8828,63,8923,525,9063,718,581,8923,1068,608,972,581,1109,1073,342
2023,Casanare,96200,9281,9279,7152,9128,7947,5104,10156,9046,10427,10822,8685,,,384,362,323,501,297,8904,14,9167,501,9126,712,176,9167,1177,577,793,176,775,1112,35
2023,Putumayo,81178,82,8198,5481,8023,668,3977,9167,8954,9647,9449,7534,,,572,536,436,795,487,8705,57,9038,795,8909,723,305,9038,1193,604,982,305,982,1299,548
2023,"Archipiélago de San Andrés, Providencia y Santa Catalina",10783,96,9597,7968,9402,8535,5406,10155,9309,10607,10778,8138,,,305,272,209,424,333,8913,0,9224,424,9049,781,204,9224,1271,618,113,204,925,1709,771
2023,Amazonas,23247,7576,7574,4926,7716,5413,2644,8704,8612,984,8437,6381,,,501,531,326,677,779,8813,19,9058,677,8521,686,472,9058,966,7,1371,472,1579,1559,511
2023,Guainía,16704,7161,7155,6235,702,3675,1067,8253,8881,10659,7016,4285,,,603,57,492,879,43,8106,94,8041,879,8774,1291,596,8041,1454,797,1569,596,1912,1473,524
2023,Guaviare,22896,7756,7755,4757,7133,6225,3369,9307,8104,9816,9794,7633,,,562,797,491,679,339,8528,5,8766,679,911,911,676,8766,1481,551,1078,676,1175,1291,218
2023,Vaupés,15476,5517,5517,3985,5378,3709,1385,6542,6091,7632,6417,437,,,438,213,261,692,658,9095,43,9398,692,8926,467,866,9398,764,416,1656,866,2141,1372,681
2023,Vichada,33816,6763,6763,5188,7584,2965,1124,7536,7328,11028,5448,3022,,,68,584,678,773,454,7861,5,7532,773,8942,1459,68,7532,128,605,1737,68,2277,1174,529
